<?xml version = '1.0' encoding = 'UTF-8'?>
<Entity class="oracle.dbtools.crest.model.design.logical.Entity" directorySegmentName="seg_0" id="34EA1B41-1589-ADD1-B4AC-521E82A9EF6C" name="CONTRATO">
<createdBy>mauri</createdBy>
<createdTime>2025-09-05 15:44:29 UTC</createdTime>
<ownerDesignName>VivirMejor</ownerDesignName>
<engineerTo>
<item key="09996577-8AE9-F720-8B87-D04F52681911" value="true"/>
</engineerTo>
<adequatelyNormalized>NO</adequatelyNormalized>
<expectedVolumes>0</expectedVolumes>
<fwdEngineeringStrategyName>Single Table</fwdEngineeringStrategyName>
<growthPercent>0</growthPercent>
<growthType>Year</growthType>
<maxVolumes>9999999</maxVolumes>
<minVolumes>0</minVolumes>
<normalForm>Third</normalForm>
<attributes itemClass="oracle.dbtools.crest.model.design.logical.Attribute">
<Attribute name="id_contrato" id="7376EC08-C9E8-D8A7-68FB-4AC3BF0819BB">
<createdBy>mauri</createdBy>
<createdTime>2025-09-05 15:44:39 UTC</createdTime>
<ownerDesignName>VivirMejor</ownerDesignName>
<engineerTo>
<item key="09996577-8AE9-F720-8B87-D04F52681911" value="true"/>
</engineerTo>
<useDomainConstraints>false</useDomainConstraints>
<use>1</use>
<logicalDatatype>LOGDT011</logicalDatatype>
<ownDataTypeParameters>,,</ownDataTypeParameters>
</Attribute>
<Attribute name="fecha_inicio" id="3F340B85-55B3-B520-0282-73A860BB3BBF">
<createdBy>mauri</createdBy>
<createdTime>2025-09-05 15:45:00 UTC</createdTime>
<ownerDesignName>VivirMejor</ownerDesignName>
<engineerTo>
<item key="09996577-8AE9-F720-8B87-D04F52681911" value="true"/>
</engineerTo>
<useDomainConstraints>false</useDomainConstraints>
<use>1</use>
<logicalDatatype>LOGDT007</logicalDatatype>
<ownDataTypeParameters>,,</ownDataTypeParameters>
</Attribute>
<Attribute name="fecha_termino" id="1457CD6B-264D-83C6-A7C3-C57C5AFB8401">
<createdBy>mauri</createdBy>
<createdTime>2025-09-05 15:45:23 UTC</createdTime>
<ownerDesignName>VivirMejor</ownerDesignName>
<engineerTo>
<item key="09996577-8AE9-F720-8B87-D04F52681911" value="true"/>
</engineerTo>
<nullsAllowed>true</nullsAllowed>
<useDomainConstraints>false</useDomainConstraints>
<use>1</use>
<logicalDatatype>LOGDT007</logicalDatatype>
<ownDataTypeParameters>,,</ownDataTypeParameters>
</Attribute>
<Attribute name="tipo_financiamiento" id="094084E6-C263-AFB2-DBE1-4C2FB5891B99">
<createdBy>mauri</createdBy>
<createdTime>2025-09-05 15:45:44 UTC</createdTime>
<ownerDesignName>VivirMejor</ownerDesignName>
<engineerTo>
<item key="09996577-8AE9-F720-8B87-D04F52681911" value="true"/>
</engineerTo>
<useDomainConstraints>false</useDomainConstraints>
<use>1</use>
<logicalDatatype>LOGDT024</logicalDatatype>
<dataTypeSize>40</dataTypeSize>
<ownDataTypeParameters>40,,</ownDataTypeParameters>
</Attribute>
<Attribute name="rut_apoderado" id="39CC43DC-4EB4-26B3-49FA-CD04EE0EA507">
<createdBy>mauri</createdBy>
<createdTime>2025-09-05 16:03:24 UTC</createdTime>
<generatorID>ABBF545F-4073-554A-722E-69B55CB0B264</generatorID>
<ownerDesignName>VivirMejor</ownerDesignName>
<engineerTo>
<item key="09996577-8AE9-F720-8B87-D04F52681911" value="true"/>
</engineerTo>
<referedAttribute>2A4A6826-FF43-0C57-499A-49424BE7AF64</referedAttribute>
<useDomainConstraints>false</useDomainConstraints>
<use>1</use>
<logicalDatatype>LOGDT024</logicalDatatype>
<dataTypeSize>12</dataTypeSize>
<ownDataTypeParameters>,,</ownDataTypeParameters>
</Attribute>
</attributes>
<identifiers itemClass="oracle.dbtools.crest.model.design.logical.CandidateKey">
<identifier id="EBBF981A-9674-DDC1-CC6A-688D505219C0" name="CONTRA PK">
<createdBy>mauri</createdBy>
<createdTime>2025-09-05 15:44:55 UTC</createdTime>
<ownerDesignName>VivirMejor</ownerDesignName>
<engineerTo>
<item key="09996577-8AE9-F720-8B87-D04F52681911" value="true"/>
</engineerTo>
<pk>true</pk>
<usedAttributes>
<attributeRef>7376EC08-C9E8-D8A7-68FB-4AC3BF0819BB</attributeRef>
</usedAttributes>
</identifier>
</identifiers>
</Entity>