<?xml version = '1.0' encoding = 'UTF-8'?>
<Entity class="oracle.dbtools.crest.model.design.logical.Entity" directorySegmentName="seg_0" id="38403301-CB44-B44B-A952-DDD9521D29AF" name="PERSONAL">
<createdBy>mauri</createdBy>
<createdTime>2025-09-05 15:48:54 UTC</createdTime>
<ownerDesignName>VivirMejor</ownerDesignName>
<engineerTo>
<item key="09996577-8AE9-F720-8B87-D04F52681911" value="true"/>
</engineerTo>
<adequatelyNormalized>NO</adequatelyNormalized>
<expectedVolumes>0</expectedVolumes>
<fwdEngineeringStrategyName>Single Table</fwdEngineeringStrategyName>
<growthPercent>0</growthPercent>
<growthType>Year</growthType>
<maxVolumes>9999999</maxVolumes>
<minVolumes>0</minVolumes>
<normalForm>Third</normalForm>
<attributes itemClass="oracle.dbtools.crest.model.design.logical.Attribute">
<Attribute name="rut_personal" id="27547546-8242-3004-A1E7-015E7573F49C">
<createdBy>mauri</createdBy>
<createdTime>2025-09-05 15:49:03 UTC</createdTime>
<ownerDesignName>VivirMejor</ownerDesignName>
<engineerTo>
<item key="09996577-8AE9-F720-8B87-D04F52681911" value="true"/>
</engineerTo>
<useDomainConstraints>false</useDomainConstraints>
<use>1</use>
<logicalDatatype>LOGDT024</logicalDatatype>
<dataTypeSize>12</dataTypeSize>
<ownDataTypeParameters>12,,</ownDataTypeParameters>
</Attribute>
<Attribute name="nombre" id="92238B21-7F87-FBFF-3A3C-BF7C7707BE22">
<createdBy>mauri</createdBy>
<createdTime>2025-09-05 15:49:24 UTC</createdTime>
<ownerDesignName>VivirMejor</ownerDesignName>
<engineerTo>
<item key="09996577-8AE9-F720-8B87-D04F52681911" value="true"/>
</engineerTo>
<useDomainConstraints>false</useDomainConstraints>
<use>1</use>
<logicalDatatype>LOGDT024</logicalDatatype>
<dataTypeSize>80</dataTypeSize>
<ownDataTypeParameters>80,,</ownDataTypeParameters>
</Attribute>
<Attribute name="fecha_ingreso" id="C3BE8D17-469F-F3B5-492D-BE25E6AC718D">
<createdBy>mauri</createdBy>
<createdTime>2025-09-05 15:49:39 UTC</createdTime>
<ownerDesignName>VivirMejor</ownerDesignName>
<engineerTo>
<item key="09996577-8AE9-F720-8B87-D04F52681911" value="true"/>
</engineerTo>
<useDomainConstraints>false</useDomainConstraints>
<use>1</use>
<logicalDatatype>LOGDT007</logicalDatatype>
<ownDataTypeParameters>,,</ownDataTypeParameters>
</Attribute>
<Attribute name="id_residencia" id="45C3BAD3-43DF-0D5F-0752-07E4657EC582">
<createdBy>mauri</createdBy>
<createdTime>2025-09-05 16:04:49 UTC</createdTime>
<generatorID>14F7E372-1852-E981-4443-1832D798BB36</generatorID>
<ownerDesignName>VivirMejor</ownerDesignName>
<engineerTo>
<item key="09996577-8AE9-F720-8B87-D04F52681911" value="true"/>
</engineerTo>
<referedAttribute>1F974621-B3AA-5D4F-3573-ED2F82C2F102</referedAttribute>
<useDomainConstraints>false</useDomainConstraints>
<use>1</use>
<logicalDatatype>LOGDT011</logicalDatatype>
<ownDataTypeParameters>,,</ownDataTypeParameters>
</Attribute>
</attributes>
<identifiers itemClass="oracle.dbtools.crest.model.design.logical.CandidateKey">
<identifier id="4505ACEA-18D3-7535-F2CA-84B2B2AF5556" name="PERSONAL PK">
<createdBy>mauri</createdBy>
<createdTime>2025-09-05 15:49:23 UTC</createdTime>
<ownerDesignName>VivirMejor</ownerDesignName>
<engineerTo>
<item key="09996577-8AE9-F720-8B87-D04F52681911" value="true"/>
</engineerTo>
<pk>true</pk>
<usedAttributes>
<attributeRef>27547546-8242-3004-A1E7-015E7573F49C</attributeRef>
</usedAttributes>
</identifier>
</identifiers>
</Entity>