<?xml version = '1.0' encoding = 'UTF-8'?>
<Entity class="oracle.dbtools.crest.model.design.logical.Entity" directorySegmentName="seg_0" id="B5DFE654-14D2-FCC9-5BC8-ED0C79B4B958" name="RESIDENTE">
<createdBy>mauri</createdBy>
<createdTime>2025-09-05 15:26:09 UTC</createdTime>
<ownerDesignName>VivirMejor</ownerDesignName>
<engineerTo>
<item key="09996577-8AE9-F720-8B87-D04F52681911" value="true"/>
</engineerTo>
<adequatelyNormalized>NO</adequatelyNormalized>
<expectedVolumes>0</expectedVolumes>
<fwdEngineeringStrategyName>Single Table</fwdEngineeringStrategyName>
<growthPercent>0</growthPercent>
<growthType>Year</growthType>
<maxVolumes>9999999</maxVolumes>
<minVolumes>0</minVolumes>
<normalForm>Third</normalForm>
<attributes itemClass="oracle.dbtools.crest.model.design.logical.Attribute">
<Attribute name="rut_residente" id="0B0F0E2D-9FB6-D4AA-B225-92B6F6B6C3EE">
<createdBy>mauri</createdBy>
<createdTime>2025-09-05 15:26:19 UTC</createdTime>
<ownerDesignName>VivirMejor</ownerDesignName>
<engineerTo>
<item key="09996577-8AE9-F720-8B87-D04F52681911" value="true"/>
</engineerTo>
<useDomainConstraints>false</useDomainConstraints>
<use>1</use>
<logicalDatatype>LOGDT024</logicalDatatype>
<dataTypeSize>12</dataTypeSize>
<ownDataTypeParameters>12,,</ownDataTypeParameters>
</Attribute>
<Attribute name="nombre" id="55A7E126-9034-E3A7-E8F0-C9ABAFD09589">
<createdBy>mauri</createdBy>
<createdTime>2025-09-05 15:27:12 UTC</createdTime>
<ownerDesignName>VivirMejor</ownerDesignName>
<engineerTo>
<item key="09996577-8AE9-F720-8B87-D04F52681911" value="true"/>
</engineerTo>
<useDomainConstraints>false</useDomainConstraints>
<use>1</use>
<logicalDatatype>LOGDT024</logicalDatatype>
<dataTypeSize>80</dataTypeSize>
<ownDataTypeParameters>80,,</ownDataTypeParameters>
</Attribute>
<Attribute name="fecha_nacimiento" id="58D9BB21-9ADF-A526-98D9-495763D68766">
<createdBy>mauri</createdBy>
<createdTime>2025-09-05 15:27:26 UTC</createdTime>
<ownerDesignName>VivirMejor</ownerDesignName>
<engineerTo>
<item key="09996577-8AE9-F720-8B87-D04F52681911" value="true"/>
</engineerTo>
<useDomainConstraints>false</useDomainConstraints>
<use>1</use>
<logicalDatatype>LOGDT007</logicalDatatype>
<ownDataTypeParameters>,,</ownDataTypeParameters>
</Attribute>
<Attribute name="Autonomia" id="1D6EBE22-7A30-D493-5769-358E3CE3D771">
<createdBy>mauri</createdBy>
<createdTime>2025-09-05 15:39:38 UTC</createdTime>
<commentInRDBMS><![CDATA[si/no]]></commentInRDBMS>
<ownerDesignName>VivirMejor</ownerDesignName>
<engineerTo>
<item key="09996577-8AE9-F720-8B87-D04F52681911" value="true"/>
</engineerTo>
<useDomainConstraints>false</useDomainConstraints>
<use>1</use>
<logicalDatatype>LOGDT024</logicalDatatype>
<dataTypeSize>2</dataTypeSize>
<ownDataTypeParameters>2,,</ownDataTypeParameters>
</Attribute>
<Attribute name="id_habitacion" id="92FEB769-8861-48BB-434B-F4D19D3F6EA4">
<createdBy>mauri</createdBy>
<createdTime>2025-09-05 16:02:46 UTC</createdTime>
<generatorID>B0F997CB-4B8E-75DB-931E-E11C545B1C59</generatorID>
<ownerDesignName>VivirMejor</ownerDesignName>
<engineerTo>
<item key="09996577-8AE9-F720-8B87-D04F52681911" value="true"/>
</engineerTo>
<referedAttribute>059DE341-8A9B-2F05-E24D-DA73FF235400</referedAttribute>
<useDomainConstraints>false</useDomainConstraints>
<use>1</use>
<logicalDatatype>LOGDT011</logicalDatatype>
<ownDataTypeParameters>,,</ownDataTypeParameters>
</Attribute>
</attributes>
<identifiers itemClass="oracle.dbtools.crest.model.design.logical.CandidateKey">
<identifier id="2370B623-D905-F62B-0707-F55A76C9D27D" name="RESIDENTE PK">
<createdBy>mauri</createdBy>
<createdTime>2025-09-05 15:26:58 UTC</createdTime>
<ownerDesignName>VivirMejor</ownerDesignName>
<engineerTo>
<item key="09996577-8AE9-F720-8B87-D04F52681911" value="true"/>
</engineerTo>
<pk>true</pk>
<usedAttributes>
<attributeRef>0B0F0E2D-9FB6-D4AA-B225-92B6F6B6C3EE</attributeRef>
</usedAttributes>
</identifier>
</identifiers>
</Entity>