<?xml version = '1.0' encoding = 'UTF-8'?>
<Entity class="oracle.dbtools.crest.model.design.logical.Entity" directorySegmentName="seg_0" id="C3624847-1403-9B58-81C5-FC4D7A74E6AD" name="HABITACION">
<createdBy>mauri</createdBy>
<createdTime>2025-09-05 15:22:18 UTC</createdTime>
<ownerDesignName>VivirMejor</ownerDesignName>
<engineerTo>
<item key="09996577-8AE9-F720-8B87-D04F52681911" value="true"/>
</engineerTo>
<adequatelyNormalized>NO</adequatelyNormalized>
<expectedVolumes>0</expectedVolumes>
<fwdEngineeringStrategyName>Single Table</fwdEngineeringStrategyName>
<growthPercent>0</growthPercent>
<growthType>Year</growthType>
<maxVolumes>9999999</maxVolumes>
<minVolumes>0</minVolumes>
<normalForm>Third</normalForm>
<attributes itemClass="oracle.dbtools.crest.model.design.logical.Attribute">
<Attribute name="id_habitacion" id="059DE341-8A9B-2F05-E24D-DA73FF235400">
<createdBy>mauri</createdBy>
<createdTime>2025-09-05 15:22:36 UTC</createdTime>
<ownerDesignName>VivirMejor</ownerDesignName>
<engineerTo>
<item key="09996577-8AE9-F720-8B87-D04F52681911" value="true"/>
</engineerTo>
<useDomainConstraints>false</useDomainConstraints>
<use>1</use>
<logicalDatatype>LOGDT011</logicalDatatype>
<ownDataTypeParameters>,,</ownDataTypeParameters>
</Attribute>
<Attribute name="numero" id="1D8A0792-BF41-2A2E-8C0A-B71E0B8AD781">
<createdBy>mauri</createdBy>
<createdTime>2025-09-05 15:23:02 UTC</createdTime>
<ownerDesignName>VivirMejor</ownerDesignName>
<engineerTo>
<item key="09996577-8AE9-F720-8B87-D04F52681911" value="true"/>
</engineerTo>
<useDomainConstraints>false</useDomainConstraints>
<use>1</use>
<logicalDatatype>LOGDT024</logicalDatatype>
<dataTypeSize>10</dataTypeSize>
<ownDataTypeParameters>10,,</ownDataTypeParameters>
</Attribute>
<Attribute name="tipo" id="C516B968-B0F2-B734-EBEC-D308B7777DED">
<createdBy>mauri</createdBy>
<createdTime>2025-09-05 15:23:22 UTC</createdTime>
<commentInRDBMS><![CDATA[individual/compartida]]></commentInRDBMS>
<ownerDesignName>VivirMejor</ownerDesignName>
<engineerTo>
<item key="09996577-8AE9-F720-8B87-D04F52681911" value="true"/>
</engineerTo>
<useDomainConstraints>false</useDomainConstraints>
<use>1</use>
<logicalDatatype>LOGDT024</logicalDatatype>
<dataTypeSize>15</dataTypeSize>
<ownDataTypeParameters>15,,</ownDataTypeParameters>
</Attribute>
<Attribute name="id_residencia" id="C4392590-BBD2-830A-D3D5-B0B82FFCD762">
<createdBy>mauri</createdBy>
<createdTime>2025-09-05 16:02:17 UTC</createdTime>
<generatorID>E526E1F8-BA75-F80F-34FA-010017469929</generatorID>
<ownerDesignName>VivirMejor</ownerDesignName>
<engineerTo>
<item key="09996577-8AE9-F720-8B87-D04F52681911" value="true"/>
</engineerTo>
<referedAttribute>1F974621-B3AA-5D4F-3573-ED2F82C2F102</referedAttribute>
<useDomainConstraints>false</useDomainConstraints>
<use>1</use>
<logicalDatatype>LOGDT011</logicalDatatype>
<ownDataTypeParameters>,,</ownDataTypeParameters>
</Attribute>
<Attribute name="rut_residente" id="38DCEDAC-1BAD-4718-FD5E-378386AFEDB5">
<createdBy>mauri</createdBy>
<createdTime>2025-09-05 16:02:56 UTC</createdTime>
<generatorID>B0F997CB-4B8E-75DB-931E-E11C545B1C59</generatorID>
<ownerDesignName>VivirMejor</ownerDesignName>
<engineerTo>
<item key="09996577-8AE9-F720-8B87-D04F52681911" value="true"/>
</engineerTo>
<referedAttribute>0B0F0E2D-9FB6-D4AA-B225-92B6F6B6C3EE</referedAttribute>
<useDomainConstraints>false</useDomainConstraints>
<use>1</use>
<logicalDatatype>LOGDT024</logicalDatatype>
<dataTypeSize>12</dataTypeSize>
<ownDataTypeParameters>,,</ownDataTypeParameters>
</Attribute>
</attributes>
<identifiers itemClass="oracle.dbtools.crest.model.design.logical.CandidateKey">
<identifier id="00E2E3D7-B33E-9747-2648-45169A2207A9" name="HABITACION PK">
<createdBy>mauri</createdBy>
<createdTime>2025-09-05 15:22:57 UTC</createdTime>
<ownerDesignName>VivirMejor</ownerDesignName>
<engineerTo>
<item key="09996577-8AE9-F720-8B87-D04F52681911" value="true"/>
</engineerTo>
<pk>true</pk>
<usedAttributes>
<attributeRef>059DE341-8A9B-2F05-E24D-DA73FF235400</attributeRef>
</usedAttributes>
</identifier>
</identifiers>
</Entity>