<?xml version = '1.0' encoding = 'UTF-8'?>
<Entity class="oracle.dbtools.crest.model.design.logical.Entity" directorySegmentName="seg_0" id="C5F7776B-C9C2-858F-D688-2F047914326B" name="ANEXO_CONTRATO">
<createdBy>mauri</createdBy>
<createdTime>2025-09-05 15:46:40 UTC</createdTime>
<ownerDesignName>VivirMejor</ownerDesignName>
<engineerTo>
<item key="09996577-8AE9-F720-8B87-D04F52681911" value="true"/>
</engineerTo>
<adequatelyNormalized>NO</adequatelyNormalized>
<expectedVolumes>0</expectedVolumes>
<fwdEngineeringStrategyName>Single Table</fwdEngineeringStrategyName>
<growthPercent>0</growthPercent>
<growthType>Year</growthType>
<maxVolumes>9999999</maxVolumes>
<minVolumes>0</minVolumes>
<normalForm>Third</normalForm>
<attributes itemClass="oracle.dbtools.crest.model.design.logical.Attribute">
<Attribute name="id_anexo" id="FE161DCA-F40E-3812-29A3-667AB04CCA26">
<createdBy>mauri</createdBy>
<createdTime>2025-09-05 15:46:52 UTC</createdTime>
<ownerDesignName>VivirMejor</ownerDesignName>
<engineerTo>
<item key="09996577-8AE9-F720-8B87-D04F52681911" value="true"/>
</engineerTo>
<useDomainConstraints>false</useDomainConstraints>
<use>1</use>
<logicalDatatype>LOGDT011</logicalDatatype>
<ownDataTypeParameters>,,</ownDataTypeParameters>
</Attribute>
<Attribute name="fecha_inicio_estadia" id="94DAA04E-60EC-1758-F098-FB1285102935">
<createdBy>mauri</createdBy>
<createdTime>2025-09-05 15:47:26 UTC</createdTime>
<ownerDesignName>VivirMejor</ownerDesignName>
<engineerTo>
<item key="09996577-8AE9-F720-8B87-D04F52681911" value="true"/>
</engineerTo>
<useDomainConstraints>false</useDomainConstraints>
<use>1</use>
<logicalDatatype>LOGDT007</logicalDatatype>
<ownDataTypeParameters>,,</ownDataTypeParameters>
</Attribute>
<Attribute name="fecha_termino_estadia" id="0411ABA8-C159-7FB2-6D34-CB8C08A52AB2">
<createdBy>mauri</createdBy>
<createdTime>2025-09-05 15:47:46 UTC</createdTime>
<ownerDesignName>VivirMejor</ownerDesignName>
<engineerTo>
<item key="09996577-8AE9-F720-8B87-D04F52681911" value="true"/>
</engineerTo>
<nullsAllowed>true</nullsAllowed>
<useDomainConstraints>false</useDomainConstraints>
<use>1</use>
<logicalDatatype>LOGDT007</logicalDatatype>
<ownDataTypeParameters>,,</ownDataTypeParameters>
</Attribute>
<Attribute name="observaciones" id="E84DC767-2255-5769-289D-3414D279F0FF">
<createdBy>mauri</createdBy>
<createdTime>2025-09-05 15:48:04 UTC</createdTime>
<ownerDesignName>VivirMejor</ownerDesignName>
<engineerTo>
<item key="09996577-8AE9-F720-8B87-D04F52681911" value="true"/>
</engineerTo>
<nullsAllowed>true</nullsAllowed>
<useDomainConstraints>false</useDomainConstraints>
<use>1</use>
<logicalDatatype>LOGDT024</logicalDatatype>
<dataTypeSize>200</dataTypeSize>
<ownDataTypeParameters>200,,</ownDataTypeParameters>
</Attribute>
<Attribute name="id_contrato" id="D1169392-0CF6-F481-2FA2-A24B60C61910">
<createdBy>mauri</createdBy>
<createdTime>2025-09-05 16:03:46 UTC</createdTime>
<generatorID>99E639C8-4BCE-E9CE-5AC2-EC01A6DDFA06</generatorID>
<ownerDesignName>VivirMejor</ownerDesignName>
<engineerTo>
<item key="09996577-8AE9-F720-8B87-D04F52681911" value="true"/>
</engineerTo>
<referedAttribute>7376EC08-C9E8-D8A7-68FB-4AC3BF0819BB</referedAttribute>
<useDomainConstraints>false</useDomainConstraints>
<use>1</use>
<logicalDatatype>LOGDT011</logicalDatatype>
<ownDataTypeParameters>,,</ownDataTypeParameters>
</Attribute>
<Attribute name="rut_residente" id="145C031B-0689-8ED7-59E6-6B7FBBEE50D9">
<createdBy>mauri</createdBy>
<createdTime>2025-09-05 16:05:19 UTC</createdTime>
<generatorID>E0C53104-87D8-921A-7786-222060DB2340</generatorID>
<ownerDesignName>VivirMejor</ownerDesignName>
<engineerTo>
<item key="09996577-8AE9-F720-8B87-D04F52681911" value="true"/>
</engineerTo>
<referedAttribute>0B0F0E2D-9FB6-D4AA-B225-92B6F6B6C3EE</referedAttribute>
<useDomainConstraints>false</useDomainConstraints>
<use>1</use>
<logicalDatatype>LOGDT024</logicalDatatype>
<dataTypeSize>12</dataTypeSize>
<ownDataTypeParameters>,,</ownDataTypeParameters>
</Attribute>
</attributes>
<identifiers itemClass="oracle.dbtools.crest.model.design.logical.CandidateKey">
<identifier id="4659A6AB-F0CA-283B-D942-53BBDBA06001" name="ANEXO_CONTRATO PK">
<createdBy>mauri</createdBy>
<createdTime>2025-09-05 15:47:14 UTC</createdTime>
<ownerDesignName>VivirMejor</ownerDesignName>
<engineerTo>
<item key="09996577-8AE9-F720-8B87-D04F52681911" value="true"/>
</engineerTo>
<pk>true</pk>
<usedAttributes>
<attributeRef>FE161DCA-F40E-3812-29A3-667AB04CCA26</attributeRef>
<attributeRef>D1169392-0CF6-F481-2FA2-A24B60C61910</attributeRef>
</usedAttributes>
</identifier>
</identifiers>
</Entity>