<?xml version = '1.0' encoding = 'UTF-8'?>
<Entity class="oracle.dbtools.crest.model.design.logical.Entity" directorySegmentName="seg_0" id="EFEC133F-D81E-1C29-A4D5-5CADF4FCC5FD" name="APODERADO">
<createdBy>mauri</createdBy>
<createdTime>2025-09-05 15:42:29 UTC</createdTime>
<ownerDesignName>VivirMejor</ownerDesignName>
<engineerTo>
<item key="09996577-8AE9-F720-8B87-D04F52681911" value="true"/>
</engineerTo>
<adequatelyNormalized>NO</adequatelyNormalized>
<expectedVolumes>0</expectedVolumes>
<fwdEngineeringStrategyName>Single Table</fwdEngineeringStrategyName>
<growthPercent>0</growthPercent>
<growthType>Year</growthType>
<maxVolumes>9999999</maxVolumes>
<minVolumes>0</minVolumes>
<normalForm>Third</normalForm>
<attributes itemClass="oracle.dbtools.crest.model.design.logical.Attribute">
<Attribute name="rut_apoderado" id="2A4A6826-FF43-0C57-499A-49424BE7AF64">
<createdBy>mauri</createdBy>
<createdTime>2025-09-05 15:42:38 UTC</createdTime>
<ownerDesignName>VivirMejor</ownerDesignName>
<engineerTo>
<item key="09996577-8AE9-F720-8B87-D04F52681911" value="true"/>
</engineerTo>
<useDomainConstraints>false</useDomainConstraints>
<use>1</use>
<logicalDatatype>LOGDT024</logicalDatatype>
<dataTypeSize>12</dataTypeSize>
<ownDataTypeParameters>12,,</ownDataTypeParameters>
</Attribute>
<Attribute name="nombre" id="5E7D5B76-F7A9-D6D0-87D3-05B7555DAE3A">
<createdBy>mauri</createdBy>
<createdTime>2025-09-05 15:43:07 UTC</createdTime>
<ownerDesignName>VivirMejor</ownerDesignName>
<engineerTo>
<item key="09996577-8AE9-F720-8B87-D04F52681911" value="true"/>
</engineerTo>
<useDomainConstraints>false</useDomainConstraints>
<use>1</use>
<logicalDatatype>LOGDT024</logicalDatatype>
<dataTypeSize>80</dataTypeSize>
<ownDataTypeParameters>80,,</ownDataTypeParameters>
</Attribute>
<Attribute name="telefono" id="E7CA7AFF-366B-F16E-672A-7BCB4704999F">
<createdBy>mauri</createdBy>
<createdTime>2025-09-05 15:43:26 UTC</createdTime>
<ownerDesignName>VivirMejor</ownerDesignName>
<engineerTo>
<item key="09996577-8AE9-F720-8B87-D04F52681911" value="true"/>
</engineerTo>
<useDomainConstraints>false</useDomainConstraints>
<use>1</use>
<logicalDatatype>LOGDT024</logicalDatatype>
<dataTypeSize>15</dataTypeSize>
<ownDataTypeParameters>15,,</ownDataTypeParameters>
</Attribute>
<Attribute name="email" id="2A7159B9-4BD0-F82B-AE96-2B85ED3242E3">
<createdBy>mauri</createdBy>
<createdTime>2025-09-05 15:44:08 UTC</createdTime>
<ownerDesignName>VivirMejor</ownerDesignName>
<engineerTo>
<item key="09996577-8AE9-F720-8B87-D04F52681911" value="true"/>
</engineerTo>
<nullsAllowed>true</nullsAllowed>
<useDomainConstraints>false</useDomainConstraints>
<use>1</use>
<logicalDatatype>LOGDT024</logicalDatatype>
<dataTypeSize>80</dataTypeSize>
<ownDataTypeParameters>80,,</ownDataTypeParameters>
</Attribute>
</attributes>
<identifiers itemClass="oracle.dbtools.crest.model.design.logical.CandidateKey">
<identifier id="96C5A7E6-FA2E-CFF7-99C0-4ED7564D299E" name="APODERADO PK">
<createdBy>mauri</createdBy>
<createdTime>2025-09-05 15:42:56 UTC</createdTime>
<ownerDesignName>VivirMejor</ownerDesignName>
<engineerTo>
<item key="09996577-8AE9-F720-8B87-D04F52681911" value="true"/>
</engineerTo>
<pk>true</pk>
<usedAttributes>
<attributeRef>2A4A6826-FF43-0C57-499A-49424BE7AF64</attributeRef>
</usedAttributes>
</identifier>
</identifiers>
</Entity>