<?xml version = '1.0' encoding = 'UTF-8'?>
<Relation class="oracle.dbtools.crest.model.design.logical.Relation" name="Relation_7" directorySegmentName="seg_0" id="14F7E372-1852-E981-4443-1832D798BB36">
<createdBy>mauri</createdBy>
<createdTime>2025-09-05 16:04:49 UTC</createdTime>
<ownerDesignName>VivirMejor</ownerDesignName>
<engineerTo>
<item key="09996577-8AE9-F720-8B87-D04F52681911" value="true"/>
</engineerTo>
<sourcePk>D64BD6E0-7E90-5BFC-DF28-21EEAB7323C0</sourcePk>
<identifying>false</identifying>
<optionalSource>false</optionalSource>
<optionalTarget>false</optionalTarget>
<sourceCardinality>1</sourceCardinality>
<sourceEntity>5CA70540-1094-1E1C-6A3E-AEC1131F424D</sourceEntity>
<targetCardinalityString>*</targetCardinalityString>
<targetEntity>38403301-CB44-B44B-A952-DDD9521D29AF</targetEntity>
<transferable>true</transferable>
<deleteRule>NO ACTION</deleteRule>
</Relation>