<?xml version = '1.0' encoding = 'UTF-8'?>
<Relation class="oracle.dbtools.crest.model.design.logical.Relation" name="Relation_10" directorySegmentName="seg_0" id="1E57B9E4-623A-FB10-EEE4-B362CB5C9FBA">
<createdBy>mauri</createdBy>
<createdTime>2025-09-05 16:06:23 UTC</createdTime>
<ownerDesignName>VivirMejor</ownerDesignName>
<engineerTo>
<item key="09996577-8AE9-F720-8B87-D04F52681911" value="true"/>
</engineerTo>
<sourcePk>2370B623-D905-F62B-0707-F55A76C9D27D</sourcePk>
<arc>F65539C1-3218-8489-B5BC-31AFAC15C23F</arc>
<identifying>false</identifying>
<optionalSource>false</optionalSource>
<optionalTarget>false</optionalTarget>
<sourceCardinality>1</sourceCardinality>
<sourceEntity>B5DFE654-14D2-FCC9-5BC8-ED0C79B4B958</sourceEntity>
<targetCardinalityString>1</targetCardinalityString>
<targetEntity>E9A6F3B2-8019-5119-76DD-6B0A9F433270</targetEntity>
<transferable>true</transferable>
<deleteRule>NO ACTION</deleteRule>
</Relation>