<?xml version = '1.0' encoding = 'UTF-8'?>
<Relation class="oracle.dbtools.crest.model.design.logical.Relation" name="Relation_13" directorySegmentName="seg_0" id="68531F1A-D941-A47D-AC44-3246ABD87173">
<createdBy>mauri</createdBy>
<createdTime>2025-09-05 16:06:51 UTC</createdTime>
<ownerDesignName>VivirMejor</ownerDesignName>
<engineerTo>
<item key="09996577-8AE9-F720-8B87-D04F52681911" value="true"/>
</engineerTo>
<sourcePk>4505ACEA-18D3-7535-F2CA-84B2B2AF5556</sourcePk>
<arc>B37DA1A6-2AF1-3EEC-0B56-21CBEBDE1ED6</arc>
<identifying>false</identifying>
<optionalSource>false</optionalSource>
<optionalTarget>false</optionalTarget>
<sourceCardinality>1</sourceCardinality>
<sourceEntity>38403301-CB44-B44B-A952-DDD9521D29AF</sourceEntity>
<targetCardinalityString>1</targetCardinalityString>
<targetEntity>99133A7F-FA52-F909-0A93-45F4711904BF</targetEntity>
<transferable>true</transferable>
<deleteRule>NO ACTION</deleteRule>
</Relation>