<?xml version = '1.0' encoding = 'UTF-8'?>
<Relation class="oracle.dbtools.crest.model.design.logical.Relation" name="Relation_9" directorySegmentName="seg_0" id="897F401A-58CC-835B-B0B2-1CCC93AAD68F">
<createdBy>mauri</createdBy>
<createdTime>2025-09-05 16:05:51 UTC</createdTime>
<ownerDesignName>VivirMejor</ownerDesignName>
<engineerTo>
<item key="09996577-8AE9-F720-8B87-D04F52681911" value="true"/>
</engineerTo>
<identifying>false</identifying>
<optionalSource>false</optionalSource>
<optionalTarget>false</optionalTarget>
<sourceCardinality>1</sourceCardinality>
<sourceEntity>99133A7F-FA52-F909-0A93-45F4711904BF</sourceEntity>
<targetCardinalityString>*</targetCardinalityString>
<targetEntity>99133A7F-FA52-F909-0A93-45F4711904BF</targetEntity>
<transferable>true</transferable>
<deleteRule>NO ACTION</deleteRule>
</Relation>