<?xml version = '1.0' encoding = 'UTF-8'?>
<Relation class="oracle.dbtools.crest.model.design.logical.Relation" name="Relation_5" directorySegmentName="seg_0" id="99E639C8-4BCE-E9CE-5AC2-EC01A6DDFA06">
<createdBy>mauri</createdBy>
<createdTime>2025-09-05 16:03:46 UTC</createdTime>
<ownerDesignName>VivirMejor</ownerDesignName>
<engineerTo>
<item key="09996577-8AE9-F720-8B87-D04F52681911" value="true"/>
</engineerTo>
<sourcePk>EBBF981A-9674-DDC1-CC6A-688D505219C0</sourcePk>
<identifying>true</identifying>
<optionalSource>false</optionalSource>
<optionalTarget>false</optionalTarget>
<sourceCardinality>1</sourceCardinality>
<sourceEntity>34EA1B41-1589-ADD1-B4AC-521E82A9EF6C</sourceEntity>
<targetCardinalityString>*</targetCardinalityString>
<targetEntity>C5F7776B-C9C2-858F-D688-2F047914326B</targetEntity>
<transferable>true</transferable>
<deleteRule>NO ACTION</deleteRule>
</Relation>