<?xml version = '1.0' encoding = 'UTF-8'?>
<Relation class="oracle.dbtools.crest.model.design.logical.Relation" name="Relation_4" directorySegmentName="seg_0" id="ABBF545F-4073-554A-722E-69B55CB0B264">
<createdBy>mauri</createdBy>
<createdTime>2025-09-05 16:03:24 UTC</createdTime>
<ownerDesignName>VivirMejor</ownerDesignName>
<engineerTo>
<item key="09996577-8AE9-F720-8B87-D04F52681911" value="true"/>
</engineerTo>
<sourcePk>96C5A7E6-FA2E-CFF7-99C0-4ED7564D299E</sourcePk>
<identifying>false</identifying>
<optionalSource>false</optionalSource>
<optionalTarget>false</optionalTarget>
<sourceCardinality>1</sourceCardinality>
<sourceEntity>EFEC133F-D81E-1C29-A4D5-5CADF4FCC5FD</sourceEntity>
<targetCardinalityString>*</targetCardinalityString>
<targetEntity>34EA1B41-1589-ADD1-B4AC-521E82A9EF6C</targetEntity>
<transferable>true</transferable>
<deleteRule>NO ACTION</deleteRule>
</Relation>