<?xml version = '1.0' encoding = 'UTF-8'?>
<Relation class="oracle.dbtools.crest.model.design.logical.Relation" name="Relation_3" directorySegmentName="seg_0" id="B0F997CB-4B8E-75DB-931E-E11C545B1C59">
<createdBy>mauri</createdBy>
<createdTime>2025-09-05 16:02:46 UTC</createdTime>
<ownerDesignName>VivirMejor</ownerDesignName>
<engineerTo>
<item key="09996577-8AE9-F720-8B87-D04F52681911" value="true"/>
</engineerTo>
<sourcePk>00E2E3D7-B33E-9747-2648-45169A2207A9</sourcePk>
<targetPk>2370B623-D905-F62B-0707-F55A76C9D27D</targetPk>
<identifying>false</identifying>
<optionalSource>false</optionalSource>
<optionalTarget>false</optionalTarget>
<sourceCardinality>1</sourceCardinality>
<sourceEntity>C3624847-1403-9B58-81C5-FC4D7A74E6AD</sourceEntity>
<targetCardinalityString>1</targetCardinalityString>
<targetEntity>B5DFE654-14D2-FCC9-5BC8-ED0C79B4B958</targetEntity>
<transferable>true</transferable>
<deleteRule>NO ACTION</deleteRule>
</Relation>