<?xml version = '1.0' encoding = 'UTF-8'?>
<Relation class="oracle.dbtools.crest.model.design.logical.Relation" name="Relation_8" directorySegmentName="seg_0" id="E0C53104-87D8-921A-7786-222060DB2340">
<createdBy>mauri</createdBy>
<createdTime>2025-09-05 16:05:19 UTC</createdTime>
<ownerDesignName>VivirMejor</ownerDesignName>
<engineerTo>
<item key="09996577-8AE9-F720-8B87-D04F52681911" value="true"/>
</engineerTo>
<sourcePk>2370B623-D905-F62B-0707-F55A76C9D27D</sourcePk>
<identifying>false</identifying>
<optionalSource>false</optionalSource>
<optionalTarget>false</optionalTarget>
<sourceCardinality>1</sourceCardinality>
<sourceEntity>B5DFE654-14D2-FCC9-5BC8-ED0C79B4B958</sourceEntity>
<targetCardinalityString>*</targetCardinalityString>
<targetEntity>C5F7776B-C9C2-858F-D688-2F047914326B</targetEntity>
<transferable>true</transferable>
<deleteRule>NO ACTION</deleteRule>
</Relation>