<?xml version = '1.0' encoding = 'UTF-8'?>
<Relation class="oracle.dbtools.crest.model.design.logical.Relation" name="Relation_2" directorySegmentName="seg_0" id="E526E1F8-BA75-F80F-34FA-010017469929">
<createdBy>mauri</createdBy>
<createdTime>2025-09-05 16:02:17 UTC</createdTime>
<ownerDesignName>VivirMejor</ownerDesignName>
<engineerTo>
<item key="09996577-8AE9-F720-8B87-D04F52681911" value="true"/>
</engineerTo>
<sourcePk>D64BD6E0-7E90-5BFC-DF28-21EEAB7323C0</sourcePk>
<identifying>false</identifying>
<optionalSource>false</optionalSource>
<optionalTarget>false</optionalTarget>
<sourceCardinality>1</sourceCardinality>
<sourceEntity>5CA70540-1094-1E1C-6A3E-AEC1131F424D</sourceEntity>
<targetCardinalityString>*</targetCardinalityString>
<targetEntity>C3624847-1403-9B58-81C5-FC4D7A74E6AD</targetEntity>
<transferable>true</transferable>
<deleteRule>NO ACTION</deleteRule>
</Relation>