<?xml version = '1.0' encoding = 'UTF-8'?>
<Relation class="oracle.dbtools.crest.model.design.logical.Relation" name="Relation_11" directorySegmentName="seg_0" id="FD024369-DF55-B93A-4781-730B0592933C">
<createdBy>mauri</createdBy>
<createdTime>2025-09-05 16:06:29 UTC</createdTime>
<ownerDesignName>VivirMejor</ownerDesignName>
<engineerTo>
<item key="09996577-8AE9-F720-8B87-D04F52681911" value="true"/>
</engineerTo>
<sourcePk>2370B623-D905-F62B-0707-F55A76C9D27D</sourcePk>
<arc>F65539C1-3218-8489-B5BC-31AFAC15C23F</arc>
<identifying>false</identifying>
<optionalSource>false</optionalSource>
<optionalTarget>false</optionalTarget>
<sourceCardinality>1</sourceCardinality>
<sourceEntity>B5DFE654-14D2-FCC9-5BC8-ED0C79B4B958</sourceEntity>
<targetCardinalityString>1</targetCardinalityString>
<targetEntity>D60DB3B0-FC16-A7B0-3C5A-73F57DE86E43</targetEntity>
<transferable>true</transferable>
<deleteRule>NO ACTION</deleteRule>
</Relation>