<?xml version = '1.0' encoding = 'UTF-8'?>
<Diagram class="oracle.dbtools.crest.swingui.logical.DPVLogical" name="Logical" id="BC43DF8F-E55B-F6F3-0078-4E83E34727D5">
<createdBy>mauri</createdBy>
<modifiedBy>mauri</modifiedBy>
<createdTime>2025-09-05 15:17:11 UTC</createdTime>
<autoRoute>false</autoRoute>
<boxInbox>true</boxInbox>
<showLegend>false</showLegend>
<showLabels>false</showLabels>
<showRelAttributes>false</showRelAttributes>
<gridEnabled>false</gridEnabled>
<showGrid>false</showGrid>
<diagramColor>-1</diagramColor>
<display>false</display>
<notation>1</notation>
<objectViews>
<OView class="oracle.dbtools.crest.swingui.logical.TVEntity" oid="34EA1B41-1589-ADD1-B4AC-521E82A9EF6C" otype="Entity" vid="BFE09584-1E50-6727-4045-9D6527EC7907">
<hideElementsInCurrentOnly>false</hideElementsInCurrentOnly>
<bounds x="854" y="243" width="219" height="123"/>
</OView>
<OView class="oracle.dbtools.crest.swingui.logical.TVEntity" oid="38403301-CB44-B44B-A952-DDD9521D29AF" otype="Entity" vid="66ECA10A-8DD4-185A-E074-6CD105E36A1C">
<hideElementsInCurrentOnly>false</hideElementsInCurrentOnly>
<bounds x="282" y="73" width="196" height="110"/>
</OView>
<OView class="oracle.dbtools.crest.swingui.logical.TVEntity" oid="4BD8C97A-40D1-BD21-7DDD-0EE7089AE7E8" otype="Entity" vid="E92CDA0C-20D7-7A33-E51F-C57AD8424BA2">
<hideElementsInCurrentOnly>false</hideElementsInCurrentOnly>
<bounds x="137" y="260" width="188" height="89"/>
</OView>
<OView class="oracle.dbtools.crest.swingui.logical.TVEntity" oid="5CA70540-1094-1E1C-6A3E-AEC1131F424D" otype="Entity" vid="A974B9D9-B1BD-B6E8-906A-6EA44CED5990">
<hideElementsInCurrentOnly>false</hideElementsInCurrentOnly>
<bounds x="586" y="67" width="191" height="97"/>
</OView>
<OView class="oracle.dbtools.crest.swingui.logical.TVEntity" oid="99133A7F-FA52-F909-0A93-45F4711904BF" otype="Entity" vid="13678C16-5C7F-A5B3-FA82-43CEECA38B1A">
<hideElementsInCurrentOnly>false</hideElementsInCurrentOnly>
<bounds x="350" y="261" width="186" height="87"/>
</OView>
<OView class="oracle.dbtools.crest.swingui.logical.TVEntity" oid="B5DFE654-14D2-FCC9-5BC8-ED0C79B4B958" otype="Entity" vid="04F9701C-EFC7-362B-EF64-AFDAA596E32D">
<hideElementsInCurrentOnly>false</hideElementsInCurrentOnly>
<bounds x="573" y="429" width="212" height="110"/>
</OView>
<OView class="oracle.dbtools.crest.swingui.logical.TVEntity" oid="C3624847-1403-9B58-81C5-FC4D7A74E6AD" otype="Entity" vid="96B910F7-B0C9-5A8D-0F7B-9C1E1CD62B80">
<hideElementsInCurrentOnly>false</hideElementsInCurrentOnly>
<bounds x="594" y="249" width="193" height="124"/>
</OView>
<OView class="oracle.dbtools.crest.swingui.logical.TVEntity" oid="C5F7776B-C9C2-858F-D688-2F047914326B" otype="Entity" vid="3890F11C-45A2-28D0-7F54-3F2AA812C9AC">
<hideElementsInCurrentOnly>false</hideElementsInCurrentOnly>
<bounds x="842" y="428" width="275" height="135"/>
</OView>
<OView class="oracle.dbtools.crest.swingui.logical.TVEntity" oid="D60DB3B0-FC16-A7B0-3C5A-73F57DE86E43" otype="Entity" vid="0662FEBE-64EB-9D4D-3EF2-7651466DF11E">
<hideElementsInCurrentOnly>false</hideElementsInCurrentOnly>
<bounds x="734" y="603" width="208" height="68"/>
</OView>
<OView class="oracle.dbtools.crest.swingui.logical.TVEntity" oid="E9A6F3B2-8019-5119-76DD-6B0A9F433270" otype="Entity" vid="FB989043-0FFC-BAC0-86EF-3C27F49D90FC">
<hideElementsInCurrentOnly>false</hideElementsInCurrentOnly>
<bounds x="505" y="600" width="183" height="66"/>
</OView>
<OView class="oracle.dbtools.crest.swingui.logical.TVEntity" oid="EFEC133F-D81E-1C29-A4D5-5CADF4FCC5FD" otype="Entity" vid="F657BAC6-4EE5-5CF7-E28F-FBD865E754A2">
<hideElementsInCurrentOnly>false</hideElementsInCurrentOnly>
<bounds x="858" y="62" width="203" height="110"/>
</OView>
</objectViews>
<connectors>
<Connector class="oracle.dbtools.crest.swingui.logical.TVRelation" oid="0F823161-58AF-6DCF-A019-2428436D7D93" otype="Relation" vid_source="66ECA10A-8DD4-185A-E074-6CD105E36A1C" vid_target="E92CDA0C-20D7-7A33-E51F-C57AD8424BA2">
<hideElementsInCurrentOnly>false</hideElementsInCurrentOnly>
<backgroundColor>-16777216</backgroundColor>
<lineWidth>1</lineWidth>
<points>
<point x="303" y="183"/>
<point x="303" y="260"/>
</points>
</Connector>
<Connector class="oracle.dbtools.crest.swingui.logical.TVRelation" oid="14F7E372-1852-E981-4443-1832D798BB36" otype="Relation" vid_source="A974B9D9-B1BD-B6E8-906A-6EA44CED5990" vid_target="66ECA10A-8DD4-185A-E074-6CD105E36A1C">
<hideElementsInCurrentOnly>false</hideElementsInCurrentOnly>
<backgroundColor>-16777216</backgroundColor>
<lineWidth>1</lineWidth>
<points>
<point x="586" y="118"/>
<point x="478" y="118"/>
</points>
</Connector>
<Connector class="oracle.dbtools.crest.swingui.logical.TVRelation" oid="1E57B9E4-623A-FB10-EEE4-B362CB5C9FBA" otype="Relation" vid_source="04F9701C-EFC7-362B-EF64-AFDAA596E32D" vid_target="FB989043-0FFC-BAC0-86EF-3C27F49D90FC">
<hideElementsInCurrentOnly>false</hideElementsInCurrentOnly>
<backgroundColor>-16777216</backgroundColor>
<lineWidth>1</lineWidth>
<points>
<point x="630" y="539"/>
<point x="630" y="600"/>
</points>
</Connector>
<Connector class="oracle.dbtools.crest.swingui.logical.TVRelation" oid="68531F1A-D941-A47D-AC44-3246ABD87173" otype="Relation" vid_source="66ECA10A-8DD4-185A-E074-6CD105E36A1C" vid_target="13678C16-5C7F-A5B3-FA82-43CEECA38B1A">
<hideElementsInCurrentOnly>false</hideElementsInCurrentOnly>
<backgroundColor>-16777216</backgroundColor>
<lineWidth>1</lineWidth>
<points>
<point x="414" y="183"/>
<point x="414" y="261"/>
</points>
</Connector>
<Connector class="oracle.dbtools.crest.swingui.logical.TVRelation" oid="897F401A-58CC-835B-B0B2-1CCC93AAD68F" otype="Relation" vid_source="13678C16-5C7F-A5B3-FA82-43CEECA38B1A" vid_target="13678C16-5C7F-A5B3-FA82-43CEECA38B1A">
<hideElementsInCurrentOnly>false</hideElementsInCurrentOnly>
<backgroundColor>-16777216</backgroundColor>
<lineWidth>1</lineWidth>
<points>
<point x="536" y="325"/>
<point x="561" y="325"/>
<point x="561" y="396"/>
<point x="459" y="396"/>
<point x="459" y="348"/>
</points>
</Connector>
<Connector class="oracle.dbtools.crest.swingui.logical.TVRelation" oid="99E639C8-4BCE-E9CE-5AC2-EC01A6DDFA06" otype="Relation" vid_source="BFE09584-1E50-6727-4045-9D6527EC7907" vid_target="3890F11C-45A2-28D0-7F54-3F2AA812C9AC">
<hideElementsInCurrentOnly>false</hideElementsInCurrentOnly>
<backgroundColor>-16777216</backgroundColor>
<lineWidth>1</lineWidth>
<points>
<point x="963" y="366"/>
<point x="963" y="428"/>
</points>
</Connector>
<Connector class="oracle.dbtools.crest.swingui.logical.TVRelation" oid="ABBF545F-4073-554A-722E-69B55CB0B264" otype="Relation" vid_source="F657BAC6-4EE5-5CF7-E28F-FBD865E754A2" vid_target="BFE09584-1E50-6727-4045-9D6527EC7907">
<hideElementsInCurrentOnly>false</hideElementsInCurrentOnly>
<backgroundColor>-16777216</backgroundColor>
<lineWidth>1</lineWidth>
<points>
<point x="959" y="172"/>
<point x="959" y="243"/>
</points>
</Connector>
<Connector class="oracle.dbtools.crest.swingui.logical.TVRelation" oid="B0F997CB-4B8E-75DB-931E-E11C545B1C59" otype="Relation" vid_source="96B910F7-B0C9-5A8D-0F7B-9C1E1CD62B80" vid_target="04F9701C-EFC7-362B-EF64-AFDAA596E32D">
<hideElementsInCurrentOnly>false</hideElementsInCurrentOnly>
<backgroundColor>-16777216</backgroundColor>
<lineWidth>1</lineWidth>
<points>
<point x="689" y="373"/>
<point x="689" y="429"/>
</points>
</Connector>
<Connector class="oracle.dbtools.crest.swingui.logical.TVRelation" oid="E0C53104-87D8-921A-7786-222060DB2340" otype="Relation" vid_source="04F9701C-EFC7-362B-EF64-AFDAA596E32D" vid_target="3890F11C-45A2-28D0-7F54-3F2AA812C9AC">
<hideElementsInCurrentOnly>false</hideElementsInCurrentOnly>
<backgroundColor>-16777216</backgroundColor>
<lineWidth>1</lineWidth>
<points>
<point x="785" y="499"/>
<point x="842" y="499"/>
</points>
</Connector>
<Connector class="oracle.dbtools.crest.swingui.logical.TVRelation" oid="E526E1F8-BA75-F80F-34FA-010017469929" otype="Relation" vid_source="A974B9D9-B1BD-B6E8-906A-6EA44CED5990" vid_target="96B910F7-B0C9-5A8D-0F7B-9C1E1CD62B80">
<hideElementsInCurrentOnly>false</hideElementsInCurrentOnly>
<backgroundColor>-16777216</backgroundColor>
<lineWidth>1</lineWidth>
<points>
<point x="685" y="164"/>
<point x="685" y="249"/>
</points>
</Connector>
<Connector class="oracle.dbtools.crest.swingui.logical.TVRelation" oid="FD024369-DF55-B93A-4781-730B0592933C" otype="Relation" vid_source="04F9701C-EFC7-362B-EF64-AFDAA596E32D" vid_target="0662FEBE-64EB-9D4D-3EF2-7651466DF11E">
<hideElementsInCurrentOnly>false</hideElementsInCurrentOnly>
<backgroundColor>-16777216</backgroundColor>
<lineWidth>1</lineWidth>
<points>
<point x="759" y="539"/>
<point x="759" y="603"/>
</points>
</Connector>
</connectors>
<arcs>
<Arc class="oracle.dbtools.crest.swingui.logical.TVArc" oid="B37DA1A6-2AF1-3EEC-0B56-21CBEBDE1ED6" otype="Arc" vid="797C5232-421A-2562-E7C6-9695FE1D9086">
<hideElementsInCurrentOnly>false</hideElementsInCurrentOnly>
<bounds x="262" y="53" width="236" height="150"/>
</Arc>
<Arc class="oracle.dbtools.crest.swingui.logical.TVArc" oid="F65539C1-3218-8489-B5BC-31AFAC15C23F" otype="Arc" vid="17F587C5-5807-2D63-3436-58B5F2C5E6DD">
<hideElementsInCurrentOnly>false</hideElementsInCurrentOnly>
<bounds x="553" y="409" width="252" height="150"/>
</Arc>
</arcs>
</Diagram>