<?xml version = '1.0' encoding = 'UTF-8'?>
<Arc class="oracle.dbtools.crest.model.design.logical.Arc" directorySegmentName="seg_0" id="B37DA1A6-2AF1-3EEC-0B56-21CBEBDE1ED6" name="Arc_1">
<createdBy>mauri</createdBy>
<createdTime>2025-09-05 16:08:21 UTC</createdTime>
<ownerDesignName>VivirMejor</ownerDesignName>
<engineerTo>
<item key="09996577-8AE9-F720-8B87-D04F52681911" value="true"/>
</engineerTo>
<entity>38403301-CB44-B44B-A952-DDD9521D29AF</entity>
<relations>
<relationID>0F823161-58AF-6DCF-A019-2428436D7D93</relationID>
<relationID>68531F1A-D941-A47D-AC44-3246ABD87173</relationID>
</relations>
</Arc>