<?xml version = '1.0' encoding = 'UTF-8'?>
<Arc class="oracle.dbtools.crest.model.design.logical.Arc" directorySegmentName="seg_0" id="F65539C1-3218-8489-B5BC-31AFAC15C23F" name="Arc_2">
<createdBy>mauri</createdBy>
<createdTime>2025-09-05 16:08:30 UTC</createdTime>
<ownerDesignName>VivirMejor</ownerDesignName>
<engineerTo>
<item key="09996577-8AE9-F720-8B87-D04F52681911" value="true"/>
</engineerTo>
<entity>B5DFE654-14D2-FCC9-5BC8-ED0C79B4B958</entity>
<relations>
<relationID>1E57B9E4-623A-FB10-EEE4-B362CB5C9FBA</relationID>
<relationID>FD024369-DF55-B93A-4781-730B0592933C</relationID>
</relations>
</Arc>